blind_id,scenario_id,class,policy,brief,excerpts,answer,score_1_5,cloud_needed_YN,notes
B01,S-growth-15,G3,P-growth,"No gap exists yet for this defect. Draft the open question a new gap should carry, in one or two sentences. Cite the excerpt id. Do not introduce seal ids that are not in the excerpts.","[ex-handoff-3b9ad35c] ENVIRONMENT DEFECT to log if a re-run happens: nestor_draft reports retrieval.mode=disabled yet STILL injects ~3 sealed pairs as context_pair_ids — the R0 arm ('excerpts only, no sealed inject') is not achievable as-built. Sealed 71b0ce7b: an env fault obliges re-running everything under it.","Drafting a new gap that captures this defect without a prior one:

Open question: nestor_draft still injects ~3 sealed pairs as context_pair_ids even with retrieval.mode=disabled — the R0 arm ('excerpts only, no sealed inject') is not achievable as-built.

Cited excerpt: env fault obliges re-running everything under it (71b0ce7b)",4,n,
B02,S-growth-12,G5,P-growth,Does an active egress lease by itself unblock git push from a Kart task? Answer from the excerpt only. A confident answer that contradicts the excerpt is a fail.,"[ex-nestor-dbb0c91e] The operator's ratify, given on the desk or the APK, is a SIGNATURE by the operator's key over that exact request's bounds (task id, agent, normalized task hash, scope, expiry, or for a lease: app_id, ttl, scope). It is produced by the operator's own client (the Nestor UI's origin-bound browser key today, a device key on the APK later), never by the desk process. The uid-994 net signer keeps its trust root: it mints only against a per-ask ed25519 signature it can verify standalone, never a register-wide GPG signature or a keyring-membership claim. Refines sealed 8c28d4a0, whose 'the signer mints from the ratification' is superseded by this per-ask signature.","No — an active egress lease does not unblock git push from a Kart task; it only blocks local reads of those files until the agent's own key or the operator ratifies read access. The Kart task runs under the same egress policy as any other process, so the agent cannot read the repo's files locally and then push them — the agent must use the repo's own credentials (or the operator's) to write it.",5,n,
B03,S-growth-13,G1,P-growth,"Route this item to one fleet seat: hanuman (builds code), loki (audits code changes), ada (audits box posture). Answer with one app id, or ESCALATE if no fleet seat can act on it. Cite the excerpt id.","[ex-9756A4F7] dispatch_id 9756A4F7; summary: Build gaps-in-SOIL B1: gap_touching view (deterministic, read-time), fed into dispatch_send and session_enter","#a8c0f5b

Escalation — no fleet seat can act on this item. Hanuman's gap_touching view is a build, not an audit or posture check; Loki's role is to review code changes before dispatch_send runs them against the live SOIL schema; Ada's posture checks are about box health, not about whether a deterministic read-time view exists.

The seat that could act on this item is the fleet coordinator (e.g. willow.sh). If you want to build the gap_touching view, ask the coordinator to dispatch it — they can't build code themselves but they own the dispatch chain and can hand off the work to Hanuman.",5,n,
B04,S-growth-06,G2,P-growth,Write a desk-attention title from the CI snippet. At most 120 characters. Name the repo and that the legs were cancelled.,"[ex-d77d0c46] id d77d0c46; title: CI stuck: willow-memory/willow-mcp#642 — 2 leg(s) cancelled, no successor after 10 min: test-matrix (3.13), test-matrix (3.11); source_ref: https://github.com/willow-memory/willow-mcp/actions/runs/35901122474/job/107317300686","""CI stuck on willow-mcp#642: 2 legs cancelled, no successor after 10 min — test-matrix (3.13) and (3.11)""",4,n,
B05,S-growth-11,G5,P-growth,Can a Kart task reach loopback Ollama by setting allow_localhost? Answer from the excerpt only. A confident answer that contradicts the excerpt is a fail.,[ex-runtime-facts] Kart cannot reach loopback Ollama (allow_localhost retired; sandbox network_mode: isolated).,"No — allow_localhost was retired before Kart's sandbox network mode, so a Kart task can't reach loopback Ollama even with that flag set.",5,n,
B06,S-growth-16,G1,P-growth,"Route this item to one fleet seat: hanuman (builds code), loki (audits code changes), ada (audits box posture). Answer with one app id, or ESCALATE if no fleet seat can act on it. Cite the excerpt id.",[ex-73726e98] id 73726e98; title: Loki audits 54C5E1A2 + A28BD892 blocked — Cursor weekly usage cap,"willow/jeles → willow/Ada (audits box posture)

Escalation note: this is a fleet seat decision, not an action that can be performed by one agent — Ada's audit role is distinct from Hanuman's build role and Loki's code audits.",3,Uncertian,
B07,S-growth-12,G5,P-growth,Does an active egress lease by itself unblock git push from a Kart task? Answer from the excerpt only. A confident answer that contradicts the excerpt is a fail.,"[ex-lease-effect] A Kart task carrying allow_net needs MORE than this lease: an operator-signed per-task envelope too, so granting the lease alone will not unblock git push.",No — an active egress lease by itself does not unblock git push from a Kart task; it needs an operator-signed per-task envelope as well.,5,n,
B08,S-growth-14,G1,P-growth,"Route this item to one fleet seat: hanuman (builds code), loki (audits code changes), ada (audits box posture). Answer with one app id, or ESCALATE if no fleet seat can act on it. Cite the excerpt id.","[ex-71BF5ACF] dispatch_id 71BF5ACF; summary: Audit kartikeya #76 @ b6f4b5e: cgroup leaf lifecycle, refuse unusable parents, rtk decode","fleet_home #1 (willow) — Kartikeya audit: cgroup leaf lifecycle, refuse unusable parents, rtk decode path; not a code change to build.

Escalated to willow.",5,n,
B09,S-growth-11,G5,P-growth,Can a Kart task reach loopback Ollama by setting allow_localhost? Answer from the excerpt only. A confident answer that contradicts the excerpt is a fail.,"[ex-nestor-168abb65] Local inference runs in a TRUSTED HOST PROCESS (the willow-bot steward or the specialist's own process), reaching 127.0.0.1:11434 directly — never inside a Kart sandbox (2026-09-02-local-inference-seam.md: 'No in-Kart local model'). Kart stays isolated for network-less deterministic work. The mcp-jobs-ladder batch (~2,500 calls) runs via a HOST RUNNER under resource governance, NOT a Kart task. A loopback-only sandbox tier is NOT built and is DEFERRED — but it is NOT undesigned: its shape is already sealed in pair 3ef0211f (verifier sean campbell, amends 9fe5e179): 'Loopback reach returns only as a new capability backed by a network-off sandbox with allowlisted loopback forwarders.' Build it only when a concrete need requires sandboxed (not host) inference, and build it to that sealed shape — never a revival of allow_localhost's shared-host-netns. Corollary: 'move the models and runtime into the bot' is endorsed when 'the bot' is a host process; it is NOT making Kart reach localhost.","No — allow_localhost only allows loopback Ollama from inside a shared-host sandbox, not from a Kart task's isolated network-less environment.",5,n,
